channel,sample_count,duration_s,sampling_frequency_hz,minimum,maximum,mean,peak_to_peak,rms,dominant_frequency_hz,fundamental_frequency_hz
CH1,2000,0.09995,19999.99999999943,-1.7057001031,1.7222388804,-0.1009103542368,3.4279389835,1.141271014466357,999.9999999999714,999.9999999999714
CH2,2000,0.09995,19999.99999999943,-1.8068975986,2.3441309928,0.25059830606690003,4.151028591399999,1.435803993444934,999.9999999999714,999.9999999999714
CH3,2000,0.09995,19999.99999999943,-1.6311758721,1.6309063745,-0.0010996853761500009,3.2620822466000003,1.0584547931457962,999.9999999999714,999.9999999999714
CH4,2000,0.09995,19999.99999999943,-1.2581227109,1.4748175261,0.10315570781055,2.732940237,1.206027114541567,499.9999999999857,499.9999999999857
CH5,2000,0.09995,19999.99999999943,-1.8098060152,1.750062392,0.05057996228460001,3.5598684071999998,0.8312684145006406,999.9999999999714,949.9999999999728
