event_id,start_time_s,peak_time_s,end_time_s,width_us,phase_deg,signed_peak_v,peak_abs_v,signed_area_v_us,absolute_area_v_us,positive_area_v_us,negative_area_v_us,inward_fraction,max_abs_dvdt_v_per_s,derivative_bipolar,residual_sign_changes,away_from_zero_crossing,commutation_grid_offset_deg,commutation_grid_concentration,phase_grid_error_deg,event_class
7,0.017304,0.017504,0.018128,828.0000000001099,30.184475308919673,30.001545110973808,30.001545110973808,12773.90715887873,13389.359827521392,13081.63349320006,307.7263343213297,0.0229829012204757,608152.0658521821,True,2,True,30.082930110440092,0.9888167115883614,0.10154519847958099,singular_event
24,0.06376799999999999,0.063872,0.064216,452.00000000005997,313.5845215571874,-22.581877456022966,22.581877456022966,-6487.530776257788,6492.328111425152,2.3986675836828,6489.92944384147,0.000369461854440419,692708.8867613133,True,2,True,30.082930110440092,0.9888167115883614,16.498408553252716,singular_event
39,0.10125999999999999,0.10141599999999999,0.101668,412.0000000000547,46.03386887311535,15.689778417383877,15.689778417383877,4315.181840295975,4601.886059435125,4458.533949865551,143.3521095695751,0.03115072987860359,439923.4110417576,True,1,True,30.082930110440092,0.9888167115883614,15.950938762675264,singular_event
