channel,harmonic_order,target_frequency_hz,detected_frequency_hz,frequency_error_hz,magnitude,relative_to_fundamental
CH1,1,999.9999999999714,999.9999999999714,0.0,1.6005712774338958,1.0
CH1,2,1999.9999999999427,1999.9999999999427,0.0,0.15096683496459562,0.09432059483575896
