cluster_id,mode_type,mode_occurrence_count,unique_pulse_count,occurrence_fraction,median_frequency_hz,frequency_mad_hz,median_decay_rate_per_s,decay_rate_mad_per_s,median_time_constant_s,median_amplitude_abs_v,median_reconstruction_nrmse,support_status
1,oscillatory,8,8,1.0,120027194.17750576,9008.699120126665,15189288.71827991,231537.89460385125,6.583703876074728e-08,0.1456609751450518,0.021464201007110533,strongly_supported
4,real_decay,6,6,0.75,0.0,0.0,15374048.99923588,477630.4082339965,6.505739535808997e-08,0.6808633817220794,0.02108924106137311,strongly_supported
3,real_decay,4,2,0.25,0.0,0.0,8084827.786754054,949487.27831604,1.2368847257802707e-07,2.132322437851708,0.021464201007110533,exploratory
2,real_decay,1,1,0.125,0.0,0.0,1902659.0805228094,0.0,5.255802314964496e-07,0.4908152301402477,0.019215715610317874,exploratory
