channel,harmonic_order,target_frequency_hz,detected_frequency_hz,frequency_error_hz,magnitude,relative_to_fundamental
CH3,1,999.9999999999714,999.9999999999714,0.0,1.3989811643425112,1.0
CH3,2,1999.9999999999427,1999.9999999999427,0.0,0.44969125879881694,0.32144196809837783
CH3,3,2999.999999999914,2999.999999999914,0.0,0.2504000016981716,0.17898740031703989
CH3,4,3999.9999999998854,3999.9999999998854,0.0,0.12117595438344449,0.0866172879749917
