{
  "sample_rate_hz": 4096.0,
  "capture_count": 48,
  "sample_count": 4096,
  "track_count": 14,
  "tracks": [
    {
      "track_id": 3,
      "center_frequency_hz": 60.0,
      "occupancy": 1.0,
      "capture_count": 48,
      "observation_count": 48,
      "median_amplitude": 0.06617784211487247,
      "amplitude_mad": 0.011982546988764182,
      "frequency_mad_hz": 0.0,
      "phase_coherence": 0.04973222078008266,
      "axial_phase_coherence": 0.09368275712640751,
      "complex_axis_r2": 0.5363963686529363,
      "amplitude_slope_per_capture": 6.209320166276899e-05,
      "relative_growth_over_run": 0.04409905770400272,
      "signed_amplitude_slope_per_capture": -0.26696048630647684,
      "signed_relative_change_over_run": -0.25308079668919575,
      "first_capture": 0,
      "last_capture": 47,
      "classification": "persistent asynchronous narrowband"
    },
    {
      "track_id": 7,
      "center_frequency_hz": 310.0,
      "occupancy": 0.9583333333333334,
      "capture_count": 46,
      "observation_count": 46,
      "median_amplitude": 0.03200275835523357,
      "amplitude_mad": 0.015318124960171632,
      "frequency_mad_hz": 0.0,
      "phase_coherence": 0.013947290181479268,
      "axial_phase_coherence": 0.9980404702631437,
      "complex_axis_r2": 0.9997622291835923,
      "amplitude_slope_per_capture": 3.458455970381045e-05,
      "relative_growth_over_run": 0.0507916938920132,
      "signed_amplitude_slope_per_capture": 2.6158116727780305,
      "signed_relative_change_over_run": 2.6105875689254106,
      "first_capture": 0,
      "last_capture": 47,
      "classification": "persistent phase-axis narrowband with growth"
    },
    {
      "track_id": 13,
      "center_frequency_hz": 680.0,
      "occupancy": 0.10416666666666667,
      "capture_count": 5,
      "observation_count": 5,
      "median_amplitude": 0.002609810214115733,
      "amplitude_mad": 3.5998192785405454e-05,
      "frequency_mad_hz": 0.0,
      "phase_coherence": 0.960679732182127,
      "axial_phase_coherence": 0.8489364404731243,
      "complex_axis_r2": 0.5553705656944122,
      "amplitude_slope_per_capture": 1.5591264022532617e-06,
      "relative_growth_over_run": 0.0173248864690586,
      "signed_amplitude_slope_per_capture": 0.0030868064552336673,
      "signed_relative_change_over_run": 0.06805347001773572,
      "first_capture": 14,
      "last_capture": 43,
      "classification": "sparse peak cluster"
    },
    {
      "track_id": 6,
      "center_frequency_hz": 180.0,
      "occupancy": 0.10416666666666667,
      "capture_count": 5,
      "observation_count": 5,
      "median_amplitude": 0.002335940277466346,
      "amplitude_mad": 0.00017470686885120513,
      "frequency_mad_hz": 0.0,
      "phase_coherence": 0.9857511523512908,
      "axial_phase_coherence": 0.9439731121664778,
      "complex_axis_r2": 0.5604711939559767,
      "amplitude_slope_per_capture": -8.833419794298043e-06,
      "relative_growth_over_run": -0.11344579156637244,
      "signed_amplitude_slope_per_capture": 0.003225880199537275,
      "signed_relative_change_over_run": 0.20803225759856556,
      "first_capture": 4,
      "last_capture": 34,
      "classification": "sparse peak cluster"
    },
    {
      "track_id": 11,
      "center_frequency_hz": 550.0,
      "occupancy": 0.041666666666666664,
      "capture_count": 2,
      "observation_count": 2,
      "median_amplitude": 0.0025019029026749216,
      "amplitude_mad": 5.0880700677118e-05,
      "frequency_mad_hz": 0.0,
      "phase_coherence": 0.9642062253349561,
      "axial_phase_coherence": 0.8593872899493683,
      "complex_axis_r2": 0.5796327138088029,
      "amplitude_slope_per_capture": 0.0,
      "relative_growth_over_run": 0.0,
      "signed_amplitude_slope_per_capture": 0.0042734505464904135,
      "signed_relative_change_over_run": 0.11338083624431686,
      "first_capture": 26,
      "last_capture": 39,
      "classification": "sparse peak cluster"
    },
    {
      "track_id": 12,
      "center_frequency_hz": 560.0,
      "occupancy": 0.041666666666666664,
      "capture_count": 2,
      "observation_count": 2,
      "median_amplitude": 0.0021976200016571752,
      "amplitude_mad": 0.00014180432537282952,
      "frequency_mad_hz": 0.0,
      "phase_coherence": 0.9549139628678436,
      "axial_phase_coherence": 0.8237213529599386,
      "complex_axis_r2": 0.5518353033016026,
      "amplitude_slope_per_capture": 0.0,
      "relative_growth_over_run": 0.0,
      "signed_amplitude_slope_per_capture": 0.0003491798714888174,
      "signed_relative_change_over_run": 0.009253284623290984,
      "first_capture": 16,
      "last_capture": 47,
      "classification": "sparse peak cluster"
    },
    {
      "track_id": 1,
      "center_frequency_hz": 7.0,
      "occupancy": 0.041666666666666664,
      "capture_count": 2,
      "observation_count": 2,
      "median_amplitude": 0.0017396648145274881,
      "amplitude_mad": 0.00019787698327938645,
      "frequency_mad_hz": 0.0,
      "phase_coherence": 0.8321118812174165,
      "axial_phase_coherence": 0.3848203657263755,
      "complex_axis_r2": 0.5278502938917968,
      "amplitude_slope_per_capture": 0.0,
      "relative_growth_over_run": 0.0,
      "signed_amplitude_slope_per_capture": -0.0032095483117806035,
      "signed_relative_change_over_run": -0.2816734615316992,
      "first_capture": 0,
      "last_capture": 47,
      "classification": "sparse peak cluster"
    },
    {
      "track_id": 0,
      "center_frequency_hz": 1.5,
      "occupancy": 0.041666666666666664,
      "capture_count": 2,
      "observation_count": 2,
      "median_amplitude": 0.0014060783995042884,
      "amplitude_mad": 3.465606287098304e-05,
      "frequency_mad_hz": 0.5,
      "phase_coherence": 0.018764606180583124,
      "axial_phase_coherence": 0.9992957791097753,
      "complex_axis_r2": 0.5599443897580776,
      "amplitude_slope_per_capture": 0.0,
      "relative_growth_over_run": 0.0,
      "signed_amplitude_slope_per_capture": 0.004076831584206046,
      "signed_relative_change_over_run": 0.31413335788691243,
      "first_capture": 22,
      "last_capture": 46,
      "classification": "sparse peak cluster"
    },
    {
      "track_id": 4,
      "center_frequency_hz": 70.0,
      "occupancy": 0.020833333333333332,
      "capture_count": 1,
      "observation_count": 1,
      "median_amplitude": 0.002506651015281905,
      "amplitude_mad": 0.0,
      "frequency_mad_hz": 0.0,
      "phase_coherence": 1.0,
      "axial_phase_coherence": 1.0,
      "complex_axis_r2": 0.5269308733842119,
      "amplitude_slope_per_capture": 0.0,
      "relative_growth_over_run": 0.0,
      "signed_amplitude_slope_per_capture": 0.005593345181368151,
      "signed_relative_change_over_run": 0.24624185343597843,
      "first_capture": 0,
      "last_capture": 0,
      "classification": "sparse peak cluster"
    },
    {
      "track_id": 2,
      "center_frequency_hz": 28.0,
      "occupancy": 0.020833333333333332,
      "capture_count": 1,
      "observation_count": 1,
      "median_amplitude": 0.002078281815159187,
      "amplitude_mad": 0.0,
      "frequency_mad_hz": 0.0,
      "phase_coherence": 1.0000000000000002,
      "axial_phase_coherence": 1.0,
      "complex_axis_r2": 0.5820200604832514,
      "amplitude_slope_per_capture": 0.0,
      "relative_growth_over_run": 0.0,
      "signed_amplitude_slope_per_capture": 0.0011909072441019753,
      "signed_relative_change_over_run": 0.10533645882992365,
      "first_capture": 32,
      "last_capture": 32,
      "classification": "sparse peak cluster"
    },
    {
      "track_id": 5,
      "center_frequency_hz": 170.0,
      "occupancy": 0.020833333333333332,
      "capture_count": 1,
      "observation_count": 1,
      "median_amplitude": 0.002021118086262432,
      "amplitude_mad": 0.0,
      "frequency_mad_hz": 0.0,
      "phase_coherence": 0.9999999999999999,
      "axial_phase_coherence": 1.0,
      "complex_axis_r2": 0.5674120966155264,