Case,relay_command_lock,relay_coil_corroboration,relay_compact_burst,relay_settling_decay,relay_rail_switching,sensor_threshold_occupancy,sensor_threshold_crossings,sensor_state_sensor_consistency,sensor_sensor_timing,sensor_position_lock,sensor_precedes_coil,coil_precedes_contact,relay_repeatability,sensor_repeatability,dominant_sensor_source
Relay bounce,0.7262922893292285,0.8874612791909438,0.6069032211816789,0.9995503362690363,0.9526077569619784,0.3764930140043501,0.2946428571428571,0.06455239450691794,0.14482486336638783,0.9083099028593344,,,0.9730388526836488,0.9730388526836488,measured_state
Sensor chatter,0.002576730378458834,,0.7496024778996457,0.5414701961467103,0.9601547142254911,0.47968174395454943,1.0,0.8656754575406543,0.9430761468140965,0.8861520286781642,,,0.9800187300232602,0.9800187300232602,measured_state
Compound chain,0.9822584853123857,0.9468828000729301,0.6802473759491308,0.6950885543570346,0.9610760792181348,0.49642763945962115,1.0,0.8635624056031057,0.9423372597899758,0.896086439147633,0.9139311852712282,0.9468828000729301,0.9864807589248412,0.9821984378757143,upstream_command
